Model,Test_AUC,Training_Time
AdaBoost,0.9663604210080372,49.30509614944458
LogisticRegression,0.9656689295213816,2.0293219089508057
RandomForest,0.9575527537489468,4.008180141448975
